YEAR,STATE,forest_cover_percentage,deforestation_rate,flood_occurrences,TOTAL_RAINFALL,ANNUAL RAINFALL,has_flood_data
2001,Johor,97.68122689950484,2.318773100495165,3.0,2713.82,2713.8250000000003,true
2001,Johor,82.74519548937083,2.300462729239309,3.0,2713.82,2713.8250000000003,true
2001,Johor,82.17553368192793,2.2964867629094656,3.0,2713.82,2713.8250000000003,true
2001,Johor,81.75449977373613,2.2921969045009507,3.0,2713.82,2713.8250000000003,true
2001,Johor,81.51766820037824,2.2896857678715765,3.0,2713.82,2713.8250000000003,true
2001,Johor,81.09297221793527,2.286337585699077,3.0,2713.82,2713.8250000000003,true
2001,Johor,78.90483053751403,2.256256261493028,3.0,2713.82,2713.8250000000003,true
2001,Johor,70.70152263815828,2.1049602795732114,3.0,2713.82,2713.8250000000003,true
2002,Johor,95.81492923041507,1.86629766908974,1.0,2173.98,2173.9733333333334,true
2002,Johor,80.88805300590903,1.857142483461811,1.0,2173.98,2173.9733333333334,true
2002,Johor,80.32016992024525,1.8553637616826708,1.0,2173.98,2173.9733333333334,true
2002,Johor,79.90169946402928,1.852800309706851,1.0,2173.98,2173.9733333333334,true
2002,Johor,79.66607114363963,1.8515970567386089,1.0,2173.98,2173.9733333333334,true
2002,Johor,79.2431538829758,1.8498183349594688,1.0,2173.98,2173.9733333333334,true
2002,Johor,77.07175311341705,1.833077424096972,1.0,2173.98,2173.9733333333334,true
2002,Johor,68.97898754110024,1.7225350970580464,1.0,2173.98,2173.9733333333334,true
2003,Johor,95.10359746479833,0.7113317656167848,2.0,2394.043333333333,2394.0416666666665,true
2003,Johor,80.18022636850407,0.7078266374049496,2.0,2394.043333333333,2394.0416666666665,true
2003,Johor,79.61312801303698,0.70704190720827,2.0,2394.043333333333,2394.0416666666665,true
2003,Johor,79.19554691771057,0.7061525463186998,2.0,2394.043333333333,2394.0416666666665,true
2003,Johor,78.96038943543894,0.7056817082006921,2.0,2394.043333333333,2394.0416666666665,true
2003,Johor,78.53804764358601,0.7051062393897938,2.0,2394.043333333333,2394.0416666666665,true
2003,Johor,76.37339555371871,0.6983575596983497,2.0,2394.043333333333,2394.0416666666665,true
2003,Johor,68.33053882191071,0.6484487191895306,2.0,2394.043333333333,2394.0416666666665,true
2004,Johor,92.9629581189494,2.140639345848908,1.0,2298.833333333333,2298.8266666666664,true
2004,Johor,78.04968388451911,2.1305424839849643,1.0,2298.833333333333,2298.8266666666664,true
2004,Johor,77.48431193548471,2.128816077552269,1.0,2298.833333333333,2298.8266666666664,true
2004,Johor,77.06955586886636,2.125991048844224,1.0,2298.833333333333,2298.8266666666664,true
2004,Johor,76.83570627025584,2.1246831651830904,1.0,2298.833333333333,2298.8266666666664,true
2004,Johor,76.41477699275694,2.123270650829068,1.0,2298.833333333333,2298.8266666666664,true
2004,Johor,74.2689061122635,2.104489441455204,1.0,2298.833333333333,2298.8266666666664,true
2004,Johor,66.37373560347059,1.9568032184401127,1.0,2298.833333333333,2298.8266666666664,true
2005,Johor,90.64240629667508,2.320551822274305,1.0,2224.3283333333334,2224.3283333333334,true
2005,Johor,75.73943818549452,2.31024569902458,1.0,2224.3283333333334,2224.3283333333334,true
2005,Johor,75.1762111656644,2.308100769820322,1.0,2224.3283333333334,2224.3283333333334,true
2005,Johor,74.76422781240764,2.305328056458722,1.0,2224.3283333333334,2224.3283333333334,true
2005,Johor,74.5317384128047,2.303967857451144,1.0,2224.3283333333334,2224.3283333333334,true
2005,Johor,74.1124309110456,2.3023460817113395,1.0,2224.3283333333334,2224.3283333333334,true
2005,Johor,71.9868060696265,2.282100042637007,1.0,2224.3283333333334,2224.3283333333334,true
2005,Johor,64.24089124424204,2.132844359228558,1.0,2224.3283333333334,2224.3283333333334,true
2006,Johor,88.72379328114005,1.9186130155350425,6.0,2699.4366666666665,2699.4416666666666,true
2006,Johor,73.82642291202913,1.913015273465395,6.0,2699.4366666666665,2699.4416666666666,true
2006,Johor,73.2642421991279,1.9119689665364887,6.0,2699.4366666666665,2699.4416666666666,true
2006,Johor,72.85351441418582,1.9107133982218008,6.0,2699.4366666666665,2699.4416666666666,true
2006,Johor,72.62154816804735,1.910190244757348,6.0,2699.4366666666665,2699.4416666666666,true
2006,Johor,72.2029730811385,1.909457829907114,6.0,2699.4366666666665,2699.4416666666666,true
2006,Johor,70.08802057039422,1.898785499232272,6.0,2699.4366666666665,2699.4416666666666,true
2006,Johor,62.42743207506207,1.813459169179983,6.0,2699.4366666666665,2699.4416666666666,true
2007,Johor,86.66476587574581,2.0590274053942355,6.0,2703.0883333333336,2703.085,true
2007,Johor,71.77278398731876,2.053638924710369,6.0,2703.0883333333336,2703.085,true
2007,Johor,71.21154495065355,2.0526972484743538,6.0,2703.0883333333336,2703.085,true
2007,Johor,70.80191578798683,2.0515986261990022,6.0,2703.0883333333336,2703.085,true
2007,Johor,70.57036806461991,2.05118010342744,6.0,2703.0883333333336,2703.085,true
2007,Johor,70.15236844652193,2.0506046346165414,6.0,2703.0883333333336,2703.085,true
2007,Johor,68.04735585160229,2.040664718791934,6.0,2703.0883333333336,2703.085,true
2007,Johor,60.467228359103,1.960203715959058,6.0,2703.0883333333336,2703.085,true
2008,Johor,85.69499629868925,0.9697695770565816,0.0,2538.471666666667,2538.471666666667,true
2008,Johor,70.80510702411999,0.9676769631987696,0.0,2538.471666666667,2538.471666666667,true
2008,Johor,70.24428651022635,0.967258440427207,0.0,2538.471666666667,2538.471666666667,true
2008,Johor,69.83512818567763,0.9667876023091996,0.0,2538.471666666667,2538.471666666667,true
2008,Johor,69.6037897236965,0.9665783409234182,0.0,2538.471666666667,2538.471666666667,true
2008,Johor,69.18615631302364,0.9662121334983012,0.0,2538.471666666667,2538.471666666667,true
2008,Johor,67.0854335765125,0.961922275089786,0.0,2538.471666666667,2538.471666666667,true
2008,Johor,59.54171756513914,0.9255107939638552,0.0,2538.471666666667,2538.471666666667,true
2009,Johor,83.2512941508827,2.4437021478065484,1.0,2281.8166666666666,2281.815,true
2009,Johor,68.36647946491864,2.438627559201354,1.0,2281.8166666666666,2281.815,true
2009,Johor,67.80654831191455,2.437738198311784,1.0,2281.8166666666666,2281.815,true
2009,Johor,67.39822703290896,2.436901152768659,1.0,2281.8166666666666,2281.815,true
2009,Johor,67.1673070936994,2.4364826299970965,1.0,2281.8166666666666,2281.815,true
2009,Johor,66.75035378253034,2.435802530493308,1.0,2281.8166666666666,2281.815,true
2009,Johor,64.65889086234002,2.4265427141724887,1.0,2281.8166666666666,2281.815,true
2009,Johor,57.1959497458782,2.345767819260941,1.0,2281.8166666666666,2281.815,true
2010,Johor,81.77029900836261,1.480995142520083,2.0,2348.056666666667,2348.0583333333334,true
2010,Johor,66.8876292516028,1.4788502133158252,2.0,2348.056666666667,2348.0583333333334,true
2010,Johor,66.3281166213703,1.4784316905442627,2.0,2348.056666666667,2348.0583333333334,true
2010,Johor,65.92005691909694,1.4781701138120362,2.0,2348.056666666667,2348.0583333333334,true
2010,Johor,65.68934624127316,1.4779608524262549,2.0,2348.056666666667,2348.0583333333334,true
2010,Johor,65.27270682218276,1.4776469603475832,2.0,2348.056666666667,2348.0583333333334,true
2010,Johor,63.18527218366872,1.4736186786712948,2.0,2348.056666666667,2348.0583333333334,true
2010,Johor,55.75858560229351,1.4373641435846998,2.0,2348.056666666667,2348.0583333333334,true
0,Johor,35.186883496339235,0.0,0.0,2464.688333333333,2464.688333333333,true
2001,Kedah,99.59959528760112,0.4004047123988876,0.0,2204.88,2204.882,true
2001,Kedah,72.52042736452589,0.3856955390229116,0.0,2204.88,2204.882,true
2001,Kedah,71.89203046479938,0.3836992940647435,0.0,2204.88,2204.882,true
2001,Kedah,71.4448715941697,0.3806523938654342,0.0,2204.88,2204.882,true
2001,Kedah,71.20500700261718,0.3793916075760648,0.0,2204.88,2204.882,true
2001,Kedah,70.64921038005352,0.3782358868108096,0.0,2204.88,2204.882,true
2001,Kedah,68.32400526588407,0.3613203374284372,0.0,2204.88,2204.882,true
2001,Kedah,60.850169208026585,0.2628739413335126,0.0,2204.88,2204.882,true
2002,Kedah,98.53979934586204,1.0597959417390657,3.0,1758.3919999999998,1758.4,true
2002,Kedah,71.47176836834291,1.0486589961829695,3.0,1758.3919999999998,1758.4,true
2002,Kedah,70.8456829101469,1.046347554652459,3.0,1758.3919999999998,1758.4,true
2002,Kedah,70.40251652943358,1.0423550647361228,3.0,1758.3919999999998,1758.4,true
2002,Kedah,70.16401778969454,1.0409892129226392,3.0,1758.3919999999998,1758.4,true
2002,Kedah,69.60979714999259,1.0394132300609276,3.0,1758.3919999999998,1758.4,true
2002,Kedah,67.31264453076162,1.0113607351224592,3.0,1758.3919999999998,1758.4,true
2002,Kedah,60.06018153221257,0.7899876758140214,3.0,1758.3919999999998,1758.4,true
2003,Kedah,98.06500824239036,0.4747911034716801,5.0,2378.538,2378.54,true
2003,Kedah,71.00033936164289,0.4714290067000285,5.0,2378.538,2378.54,true
2003,Kedah,70.37498936211568,0.4706935480312296,5.0,2378.538,2378.54,true
2003,Kedah,69.93329389873995,0.469222630693632,5.0,2378.538,2378.54,true
2003,Kedah,69.69511035557325,0.4689074341212897,5.0,2378.538,2378.54,true
2003,Kedah,69.1416251745401,0.4681719754524909,5.0,2378.538,2378.54,true
2003,Kedah,66.85382338695528,0.4588211438063347,5.0,2378.538,2378.54,true
2003,Kedah,59.704429667562174,0.3557518646503892,5.0,2378.538,2378.54,true
2004,Kedah,97.302337602846,0.7626706395443519,0.0,1843.84,1843.844,true
2004,Kedah,70.2463891606,0.7539502010428804,0.0,1843.84,1843.844,true
2004,Kedah,69.62272020945863,0.7522691526570545,0.0,1843.84,1843.844,true
2004,Kedah,69.18428177733044,0.749012121409517,0.0,1843.84,1843.844,true
2004,Kedah,68.94714888940487,0.7479614661683759,0.0,1843.84,1843.844,true
2004,Kedah,68.39460929808875,0.7470158764513489,0.0,1843.84,1843.844,true
2004,Kedah,66.12655982903738,0.7272635579178955,0.0,1843.84,1843.844,true
2004,Kedah,59.11364622546851,0.5907834420936617,0.0,1843.84,1843.844,true
2005,Kedah,96.48976083934744,0.8125767634985558,3.0,2194.644,2194.642,true
2005,Kedah,69.44358349084406,0.8028056697559433,3.0,2194.644,2194.642,true
2005,Kedah,68.82201585018497,0.800704359273661,3.0,2194.644,2194.642,true
2005,Kedah,68.38672938378019,0.7975523935502375,3.0,2194.644,2194.642,true
2005,Kedah,68.15054208557166,0.7966068038332106,3.0,2194.644,2194.642,true
2005,Kedah,67.59936834606903,0.7952409520197271,3.0,2194.644,2194.642,true
2005,Kedah,65.34823442640003,0.7783254026373548,3.0,2194.644,2194.642,true
2005,Kedah,58.47327185599299,0.6403743694755234,3.0,2194.644,2194.642,true
2006,Kedah,95.62118415149608,0.8685766878513785,2.0,1981.222,1981.22,true
2006,Kedah,68.57920942395725,0.8643740668868141,2.0,1981.222,1981.22,true
2006,Kedah,67.95858737301518,0.863428477169787,2.0,1981.222,1981.22,true
2006,Kedah,67.52466675842389,0.8620626253563034,2.0,1981.222,1981.22,true
2006,Kedah,67.28889972231183,0.861642363259847,2.0,1981.222,1981.22,true
2006,Kedah,66.73846144147798,0.8609069045910482,2.0,1981.222,1981.22,true
2006,Kedah,64.49699355002747,0.8512408763725496,2.0,1981.222,1981.22,true
2006,Kedah,57.749055198274405,0.7242166577185862,2.0,1981.222,1981.22,true
2007,Kedah,94.97923379915883,0.6419503523372352,5.0,2215.25,2215.246,true
2007,Kedah,67.93967557867464,0.6395338452826105,5.0,2215.25,2215.246,true
2007,Kedah,67.31947378982903,0.6391135831861541,5.0,2215.25,2215.246,true
2007,Kedah,66.88628863390653,0.6383781245173552,5.0,2215.25,2215.246,true
2007,Kedah,66.65094185989092,0.6379578624208988,5.0,2215.25,2215.246,true
2007,Kedah,66.10081877562942,0.6376426658485564,5.0,2215.25,2215.246,true
2007,Kedah,63.86575988114988,0.6312336688775956,5.0,2215.25,2215.246,true
2007,Kedah,57.18086084386528,0.5681943544091272,5.0,2215.25,2215.246,true
2008,Kedah,93.9321507858376,1.047083013321258,4.0,2403.7119999999995,2403.698,true
2008,Kedah,66.89763571051085,1.0420398681637804,4.0,2403.7119999999995,2403.698,true
2008,Kedah,66.27827444585816,1.041199343970867,4.0,2403.7119999999995,2403.698,true
2008,Kedah,65.84635007622504,1.039938557681498,4.0,2403.7119999999995,2403.698,true
2008,Kedah,65.61142356430588,1.0395182955850415,4.0,2403.7119999999995,2403.698,true
2008,Kedah,65.06193087318907,1.038887902440357,4.0,2403.7119999999995,2403.698,true
2008,Kedah,62.83569748273511,1.0300623984147712,4.0,2403.7119999999995,2403.698,true
2008,Kedah,56.25428798670291,0.9265728571623694,4.0,2403.7119999999995,2403.698,true
2009,Kedah,93.0552739215812,0.8768768642563936,4.0,2399.344,2399.34,true
2009,Kedah,66.02506653274315,0.8725691777677149,4.0,2399.344,2399.34,true
2009,Kedah,65.40675592333159,0.8715185225265737,4.0,2399.344,2399.34,true
2009,Kedah,64.97577714341548,0.8705729328095466,4.0,2399.344,2399.34,true
2009,Kedah,64.74127089359278,0.8701526707130902,4.0,2399.344,2399.34,true
2009,Kedah,64.19230353009654,0.8696273430925195,4.0,2399.344,2399.34,true
2009,Kedah,61.97542097128874,0.8602765114463635,4.0,2399.344,2399.34,true
2009,Kedah,55.49518957497843,0.7590984117244719,4.0,2399.344,2399.34,true
2010,Kedah,91.6775497038728,1.377724217708374,3.0,2294.952,2294.944,true
2010,Kedah,64.65028414970998,1.374782383033179,3.0,2294.952,2294.944,true
2010,Kedah,64.03281406449132,1.373941858840266,3.0,2294.952,2294.944,true
2010,Kedah,63.60267580876814,1.3731013346473528,3.0,2294.952,2294.944,true
2010,Kedah,63.36848475551777,1.3727861380750104,3.0,2294.952,2294.944,true
2010,Kedah,62.81993765411799,1.372365875978554,3.0,2294.952,2294.944,true
2010,Kedah,60.60893876466058,1.3664822066281637,3.0,2294.952,2294.944,true
2010,Kedah,54.21349524631036,1.281694328668074,3.0,2294.952,2294.944,true
0,Kedah,41.73549334042176,0.0,0.0,2611.3460000000005,2611.342,true
2001,Kelantan,99.28284667312096,0.7171533268790415,2.0,2282.6,2282.6,true
2001,Kelantan,89.2437574552027,0.7040024319242931,2.0,2282.6,2282.6,true
2001,Kelantan,88.87315334009602,0.7018877151476502,2.0,2282.6,2282.6,true
2001,Kelantan,88.63108435406969,0.7001034228673577,2.0,2282.6,2282.6,true
2001,Kelantan,88.47915517064773,0.6991782342775764,2.0,2282.6,2282.6,true
2001,Kelantan,88.12540270485492,0.6976582815943643,2.0,2282.6,2282.6,true
2001,Kelantan,86.9028981532575,0.6871507826104196,2.0,2282.6,2282.6,true
2001,Kelantan,82.37839552473062,0.6381818722512813,2.0,2282.6,2282.6,true
2002,Kelantan,98.67189177936896,0.6109548937520032,3.0,1956.52,1956.5175,true
2002,Kelantan,88.63789109869448,0.6058663565082061,3.0,1956.52,1956.5175,true
2002,Kelantan,88.26827825707687,0.6048750830191547,3.0,1956.52,1956.5175,true
2002,Kelantan,88.02706837474102,0.6040159793286436,3.0,1956.52,1956.5175,true
2002,Kelantan,87.87560178561398,0.6035533850337529,3.0,1956.52,1956.5175,true
2002,Kelantan,87.52270842351169,0.6026942813432417,3.0,1956.52,1956.5175,true
2002,Kelantan,86.30701061653907,0.5958875367184221,3.0,1956.52,1956.5175,true
2002,Kelantan,81.81707039033046,0.561325134400164,3.0,1956.52,1956.5175,true
2003,Kelantan,98.29963554178052,0.3722562375884298,2.0,2331.56,2331.5575,true
2003,Kelantan,88.26774957788271,0.3701415208117868,2.0,2331.56,2331.5575,true
2003,Kelantan,87.89866541545925,0.3696128416176262,2.0,2331.56,2331.5575,true
2003,Kelantan,87.6579181274183,0.3691502473227355,2.0,2331.56,2331.5575,true
2003,Kelantan,87.50671587788833,0.3688859077256551,2.0,2331.56,2331.5575,true
2003,Kelantan,87.15415294028239,0.3685554832293046,2.0,2331.56,2331.5575,true
2003,Kelantan,85.94175937827326,0.3652512382658001,2.0,2331.56,2331.5575,true
2003,Kelantan,81.4707194332559,0.3463509570745536,2.0,2331.56,2331.5575,true
2004,Kelantan,97.37808162145907,0.9215539203214368,2.0,1913.7525,1913.765,true
2004,Kelantan,87.35201112869704,0.9157384491856688,2.0,1913.7525,1913.765,true
2004,Kelantan,86.9841825793597,0.9144828360995372,2.0,1913.7525,1913.765,true
2004,Kelantan,86.74422831010999,0.913689817308296,2.0,1913.7525,1913.765,true
2004,Kelantan,86.59348865487492,0.9132272230134052,2.0,1913.7525,1913.765,true
2004,Kelantan,86.24191699075803,0.912235949524354,2.0,1913.7525,1913.765,true
2004,Kelantan,85.0370571072657,0.9047022710075634,2.0,1913.7525,1913.765,true
2004,Kelantan,80.60910451657244,0.8616149166834632,2.0,1913.7525,1913.765,true
2005,Kelantan,96.54230590039025,0.8357757210688571,2.0,2343.6275,2343.625,true
2005,Kelantan,86.52099352037563,0.8310176083214105,2.0,2343.6275,2343.625,true
2005,Kelantan,86.15422232942662,0.829960249933089,2.0,2343.6275,2343.625,true
2005,Kelantan,85.91532541856523,0.8289028915447676,2.0,2343.6275,2343.625,true
2005,Kelantan,85.76498227272577,0.8285063821491471,2.0,2343.6275,2343.625,true
2005,Kelantan,85.41387320290377,0.8280437878542564,2.0,2343.6275,2343.625,true
2005,Kelantan,84.21588614893554,0.8211709583301668,2.0,2343.6275,2343.625,true
2005,Kelantan,79.82844360149484,0.7806609150776002,2.0,2343.6275,2343.625,true
2006,Kelantan,95.78411385106446,0.7581920493257688,3.0,2066.8525,2066.855,true
2006,Kelantan,85.76564312171847,0.7553503986571549,3.0,2066.8525,2066.855,true
2006,Kelantan,85.39933452506435,0.7548878043622642,3.0,2066.8525,2066.855,true
2006,Kelantan,85.16096629339712,0.7543591251681036,3.0,2066.8525,2066.855,true
2006,Kelantan,85.01075531735621,0.7542269553695633,3.0,2066.8525,2066.855,true
2006,Kelantan,84.66004275692983,0.7538304459739427,3.0,2066.8525,2066.855,true
2006,Kelantan,83.46595471201853,0.7499314369170073,3.0,2066.8525,2066.855,true
2006,Kelantan,79.10917555783915,0.7192680436556844,3.0,2066.8525,2066.855,true
2007,Kelantan,94.11461104080412,1.6695028102603415,2.0,2080.76,2080.76,true
2007,Kelantan,84.10169144299682,1.663951678721654,2.0,2080.76,2080.76,true
2007,Kelantan,83.7362419500332,1.6630925750311425,2.0,2080.76,2080.76,true
2007,Kelantan,83.4989310767543,1.662035216642821,2.0,2080.76,2080.76,true
2007,Kelantan,83.34911661010901,1.6616387072472003,2.0,2080.76,2080.76,true
2007,Kelantan,82.99899881377605,1.6610439431537696,2.0,2080.76,2080.76,true
2007,Kelantan,81.81363397556841,1.6523207364501171,2.0,2080.76,2080.76,true
2007,Kelantan,77.52650830521972,1.58266725261944,2.0,2080.76,2080.76,true
2008,Kelantan,93.2685921603484,0.8460188804557215,2.0,2923.0975,2923.0975,true
2008,Kelantan,83.2581177038141,0.8435737391827282,2.0,2923.0975,2923.0975,true
2008,Kelantan,82.8930647202461,0.8431772297871075,2.0,2923.0975,2923.0975,true
2008,Kelantan,82.65601818656428,0.8429128901900271,2.0,2923.0975,2923.0975,true
2008,Kelantan,82.50646805951605,0.8426485505929467,2.0,2923.0975,2923.0975,true
2008,Kelantan,82.15654851788092,0.8424502958951365,2.0,2923.0975,2923.0975,true
2008,Kelantan,80.97448792463679,0.8391460509316319,2.0,2923.0975,2923.0975,true
2008,Kelantan,76.71657177976546,0.8099365254542511,2.0,2923.0975,2923.0975,true
2009,Kelantan,91.07014581633024,2.1984463440181603,3.0,2599.0875,2599.0925,true
2009,Kelantan,81.06667635911856,2.1914413446955305,3.0,2599.0875,2599.0925,true
2009,Kelantan,80.702218139644,2.1908465806021,3.0,2599.0875,2599.0925,true
2009,Kelantan,80.4662289643505,2.189789222213778,3.0,2599.0875,2599.0925,true
2009,Kelantan,80.31694317689936,2.189524882616698,3.0,2599.0875,2599.0925,true
2009,Kelantan,79.96761839935765,2.188930118523267,3.0,2599.0875,2599.0925,true
2009,Kelantan,78.7935540789252,2.1809338457115857,3.0,2599.0875,2599.0925,true
2009,Kelantan,74.60641486117214,2.110156918593317,3.0,2599.0875,2599.0925,true
2010,Kelantan,89.04021596545081,2.029929850879425,0.0,2464.195,2464.2025000000003,true
2010,Kelantan,79.04117419649023,2.025502162628329,0.0,2464.195,2464.2025000000003,true
2010,Kelantan,78.67737682600837,2.024841313635628,0.0,2464.195,2464.2025000000003,true
2010,Kelantan,78.44204849970757,2.0241804646429267,0.0,2464.195,2464.2025000000003,true
2010,Kelantan,78.29315922165205,2.023783955247306,0.0,2464.195,2464.2025000000003,true
2010,Kelantan,77.9443631233045,2.023255276053145,0.0,2464.195,2464.2025000000003,true
2010,Kelantan,76.77670903810126,2.0168450408239464,0.0,2464.195,2464.2025000000003,true
2010,Kelantan,72.64448637164165,1.9619284895305,0.0,2464.195,2464.2025000000003,true
0,Kelantan,53.22781777749876,0.0,0.0,3045.1925,3045.185,true
2001,Melaka,97.78178146708343,2.2182185329165733,5.0,2577.8866666666668,2577.885,true
2001,Melaka,68.7460324177917,2.195244342605636,5.0,2577.8866666666668,2577.885,true
2001,Melaka,67.7381909638882,2.188593919094575,5.0,2577.8866666666668,2577.885,true
2001,Melaka,67.02840940007134,2.181338911627963,5.0,2577.8866666666668,2577.885,true
2001,Melaka,66.62031523007443,2.177711407894657,5.0,2577.8866666666668,2577.885,true
2001,Melaka,65.94922703941283,2.1722701522946983,5.0,2577.8866666666668,2577.885,true
2001,Melaka,62.48012430246126,2.133576779139436,5.0,2577.8866666666668,2577.885,true
2001,Melaka,51.82130916609735,1.8748148461636125,5.0,2577.8866666666668,2577.885,true
2002,Melaka,96.04662551465208,1.7351559524313345,5.0,2046.1783333333333,2046.1816666666664,true
2002,Melaka,67.02840940007134,1.7176230177203555,5.0,2046.1783333333333,2046.1816666666664,true
2002,Melaka,66.0248000338567,1.713390930031499,5.0,2046.1783333333333,2046.1816666666664,true
2002,Melaka,65.32166889355089,1.7067405065204382,5.0,2046.1783333333333,2046.1816666666664,true
2002,Melaka,64.91599305937619,1.704322170698234,5.0,2046.1783333333333,2046.1816666666664,true
2002,Melaka,64.24792778849235,1.701299250920479,5.0,2046.1783333333333,2046.1816666666664,true
2002,Melaka,60.81389092096274,1.666233381498522,5.0,2046.1783333333333,2046.1816666666664,true
2002,Melaka,50.38179476793045,1.4395143981669014,5.0,2046.1783333333333,2046.1816666666664,true
2003,Melaka,95.26913054781352,0.7774949668385701,6.0,2638.3233333333333,2638.3166666666666,true
2003,Melaka,66.25575110487718,0.7726582951941621,6.0,2638.3233333333333,2638.3166666666666,true
2003,Melaka,65.25335090657364,0.7714491272830601,6.0,2638.3233333333333,2638.3166666666666,true
2003,Melaka,64.5520335181345,0.7696353754164071,6.0,2638.3233333333333,2638.3166666666666,true
2003,Melaka,64.14635768395979,0.7696353754164071,6.0,2638.3233333333333,2638.3166666666666,true
2003,Melaka,63.4788969970315,0.7690307914608562,6.0,2638.3233333333333,2638.3166666666666,true
2003,Melaka,60.0557426407018,0.7581482802609384,6.0,2638.3233333333333,2638.3166666666666,true
2003,Melaka,49.71977533660212,0.6620194313283314,6.0,2638.3233333333333,2638.3166666666666,true
2004,Melaka,94.4970768365749,0.7720537112386111,6.0,2292.023333333333,2292.023333333333,true
2004,Melaka,65.48732489737186,0.7684262075053052,6.0,2292.023333333333,2292.023333333333,true
2004,Melaka,64.4855292830239,0.7678216235497543,6.0,2292.023333333333,2292.023333333333,true
2004,Melaka,63.78542106249584,0.7666124556386522,6.0,2292.023333333333,2292.023333333333,true
2004,Melaka,63.38034981227669,0.7660078716831012,6.0,2292.023333333333,2292.023333333333,true
2004,Melaka,62.71288912534839,0.7660078716831012,6.0,2292.023333333333,2292.023333333333,true
2004,Melaka,59.29880352835196,0.7569391123498365,6.0,2292.023333333333,2292.023333333333,true
2004,Melaka,49.03357254705175,0.686202789550371,6.0,2292.023333333333,2292.023333333333,true
2005,Melaka,92.17184694352582,2.3252298930490984,4.0,2266.9500000000003,2266.951666666667,true
2005,Melaka,63.172372931567146,2.3149519658047315,4.0,2266.9500000000003,2266.951666666667,true
2005,Melaka,62.1736002369969,2.311929046026977,4.0,2266.9500000000003,2266.951666666667,true
2005,Melaka,61.47832868811327,2.3070923743825684,4.0,2266.9500000000003,2266.951666666667,true
2005,Melaka,61.07446660580521,2.3058832064714667,4.0,2266.9500000000003,2266.951666666667,true
2005,Melaka,60.40942425469913,2.3034648706492624,4.0,2266.9500000000003,2266.951666666667,true
2005,Melaka,57.0225449357025,2.276258592649468,4.0,2266.9500000000003,2266.951666666667,true
2005,Melaka,46.981614601911694,2.051957945140052,4.0,2266.9500000000003,2266.951666666667,true
2006,Melaka,91.07754998397851,1.0942969595472876,0.0,2448.23,2448.233333333333,true
2006,Melaka,62.081098891797616,1.0912740397695324,0.0,2448.23,2448.233333333333,true
2006,Melaka,61.08293078118293,1.0906694558139816,0.0,2448.23,2448.233333333333,true
2006,Melaka,60.38826381625484,1.0900648718584305,0.0,2448.23,2448.233333333333,true
2006,Melaka,59.98440173394678,1.0900648718584305,0.0,2448.23,2448.233333333333,true
2006,Melaka,59.31996396679625,1.0894602879028796,0.0,2448.23,2448.233333333333,true
2006,Melaka,55.94094423922178,1.0816006964807168,0.0,2448.23,2448.233333333333,true
2006,Melaka,45.98163273943036,0.9999818624813336,0.0,2448.23,2448.233333333333,true
2007,Melaka,89.02861495861623,2.048935025362297,5.0,2634.5516666666667,2634.5483333333336,true
2007,Melaka,60.03941887390193,2.0416800178956853,5.0,2634.5516666666667,2634.5483333333336,true
2007,Melaka,59.0430645151539,2.039866266029032,5.0,2634.5516666666667,2634.5483333333336,true
2007,Melaka,58.35081588604801,2.037447930206828,5.0,2634.5516666666667,2634.5483333333336,true
2007,Melaka,57.948162971651065,2.036238762295726,5.0,2634.5516666666667,2634.5483333333336,true
2007,Melaka,57.28493437241162,2.035029594384624,5.0,2634.5516666666667,2634.5483333333336,true
2007,Melaka,53.92284299559258,2.0181012436291965,5.0,2634.5516666666667,2634.5483333333336,true
2007,Melaka,44.09533079811128,1.886301941319081,5.0,2634.5516666666667,2634.5483333333336,true
2008,Melaka,87.80554161653657,1.2230733420796478,4.0,2746.9966666666664,2746.99,true
2008,Melaka,58.819973035555584,1.219445838346342,4.0,2746.9966666666664,2746.99,true
2008,Melaka,57.82422326076311,1.218841254390791,4.0,2746.9966666666664,2746.99,true
2008,Melaka,57.13318379956833,1.217632086479689,4.0,2746.9966666666664,2746.99,true
2008,Melaka,56.73174005308247,1.216422918568587,4.0,2746.9966666666664,2746.99,true
2008,Melaka,56.06851145384304,1.216422918568587,4.0,2746.9966666666664,2746.99,true
2008,Melaka,52.717907172179466,1.2049358234131182,4.0,2746.9966666666664,2746.99,true
2008,Melaka,42.98833757549742,1.1069932226138584,4.0,2746.9966666666664,2746.99,true
2009,Melaka,85.8019503878406,2.003591228695973,5.0,2835.5033333333336,2835.508333333333,true
2009,Melaka,56.821823062459565,1.998149973096014,5.0,2835.5033333333336,2835.508333333333,true
2009,Melaka,55.8272824555782,1.996940805184912,5.0,2835.5033333333336,2835.508333333333,true
2009,Melaka,55.13805674625007,1.9951270533182592,5.0,2835.5033333333336,2835.508333333333,true
2009,Melaka,54.73721758371977,1.994522469362708,5.0,2835.5033333333336,2835.508333333333,true
2009,Melaka,54.07519815239144,1.993313301451606,5.0,2835.5033333333336,2835.508333333333,true
2009,Melaka,50.74152222148328,1.9763849506961784,5.0,2835.5033333333336,2835.508333333333,true
2009,Melaka,41.14617026293356,1.84216731256386,5.0,2835.5033333333336,2835.508333333333,true
2010,Melaka,85.48756673095409,0.3143836568865135,5.0,2259.41,2259.4066666666668,true
2010,Melaka,56.50804398952861,0.3137790729309625,5.0,2259.41,2259.4066666666668,true
2010,Melaka,55.51350338264724,0.3137790729309625,5.0,2259.41,2259.4066666666668,true
2010,Melaka,54.82427767331911,0.3137790729309625,5.0,2259.41,2259.4066666666668,true
2010,Melaka,54.42404309474436,0.3131744889754115,5.0,2259.41,2259.4066666666668,true
2010,Melaka,53.76202366341602,0.3131744889754115,5.0,2259.41,2259.4066666666668,true
2010,Melaka,50.43076606833008,0.3107561531532076,5.0,2259.41,2259.4066666666668,true
2010,Melaka,40.84992412471357,0.2962461382199839,5.0,2259.41,2259.4066666666668,true
0,Melaka,18.7916785064358,0.0,0.0,2542.0916666666667,2542.106666666667,true
2001,Negeri Sembilan,96.60346342941304,3.3965365705869472,1.0,2525.4350000000004,2525.425,true
2001,Negeri Sembilan,82.24924933032166,3.381088223560079,1.0,2525.4350000000004,2525.425,true
2001,Negeri Sembilan,81.67976026565158,3.375538817346544,1.0,2525.4350000000004,2525.425,true
2001,Negeri Sembilan,81.24165714268572,3.3699894111330084,1.0,2525.4350000000004,2525.425,true
2001,Negeri Sembilan,81.00228275574514,3.368189603712403,1.0,2525.4350000000004,2525.425,true
2001,Negeri Sembilan,80.59972582933626,3.364440004919474,1.0,2525.4350000000004,2525.425,true
2001,Negeri Sembilan,78.41520957257573,3.3224444984386667,1.0,2525.4350000000004,2525.425,true
2001,Negeri Sembilan,70.14749421811867,2.934436015346358,1.0,2525.4350000000004,2525.425,true
2002,Negeri Sembilan,92.83331683509864,3.770146594314408,1.0,2405.8899999999994,2405.885,true
2002,Negeri Sembilan,78.49605092255129,3.753198407770369,1.0,2405.8899999999994,2405.885,true
2002,Negeri Sembilan,77.9300114887707,3.7497487768808737,1.0,2405.8899999999994,2405.885,true
2002,Negeri Sembilan,77.49730778806668,3.744349354619056,1.0,2405.8899999999994,2405.885,true
2002,Negeri Sembilan,77.26048312830527,3.741799627439864,1.0,2405.8899999999994,2405.885,true
2002,Negeri Sembilan,76.86107586488245,3.738649964453804,1.0,2405.8899999999994,2405.885,true
2002,Negeri Sembilan,74.71540545161668,3.6998041209590578,1.0,2405.8899999999994,2405.885,true
2002,Negeri Sembilan,66.84559752106524,3.301896697053415,1.0,2405.8899999999994,2405.885,true
2003,Negeri Sembilan,91.72463546400536,1.108681371093293,0.0,2435.935,2435.95,true
2003,Negeri Sembilan,77.39156910210608,1.1044818204452125,0.0,2435.935,2435.95,true
2003,Negeri Sembilan,76.82657955598751,1.1034319327831923,0.0,2435.935,2435.95,true
2003,Negeri Sembilan,76.3956756627041,1.1016321253625865,0.0,2435.935,2435.95,true
2003,Negeri Sembilan,76.15960092270127,1.1008822056040004,0.0,2435.935,2435.95,true
2003,Negeri Sembilan,75.76109356298876,1.0999823018936974,0.0,2435.935,2435.95,true
2003,Negeri Sembilan,73.62907168932924,1.0863337622874352,0.0,2435.935,2435.95,true
2003,Negeri Sembilan,65.92214633034266,0.9234511907225929,0.0,2435.935,2435.95,true
2004,Negeri Sembilan,90.36923049233732,1.3554049716680314,1.0,2260.8150000000005,2260.815,true
2004,Negeri Sembilan,76.04396329592733,1.3476058061787388,1.0,2260.8150000000005,2260.815,true
2004,Negeri Sembilan,75.48107352513281,1.3455060308546989,1.0,2260.8150000000005,2260.815,true
2004,Negeri Sembilan,75.05226940717343,1.3434062555306585,1.0,2260.8150000000005,2260.815,true
2004,Negeri Sembilan,74.8178444906395,1.3417564320617694,1.0,2260.8150000000005,2260.815,true
2004,Negeri Sembilan,74.42068698649244,1.340406576496315,1.0,2260.8150000000005,2260.815,true
2004,Negeri Sembilan,72.30981285002504,1.3192588393041944,1.0,2260.8150000000005,2260.815,true
2004,Negeri Sembilan,64.76681995026532,1.1553263800773317,1.0,2260.8150000000005,2260.815,true
2005,Negeri Sembilan,88.44418647204749,1.925044020289829,1.0,2176.505,2176.495,true
2005,Negeri Sembilan,74.12731837693367,1.916644918993668,1.0,2176.505,2176.495,true
2005,Negeri Sembilan,73.56712831727005,1.9139452078627588,1.0,2176.505,2176.495,true
2005,Negeri Sembilan,73.1419238141519,1.9103455930215465,1.0,2176.505,2176.495,true
2005,Negeri Sembilan,72.90839880132826,1.909445689311244,1.0,2176.505,2176.495,true
2005,Negeri Sembilan,72.51334107250524,1.9073459139872035,1.0,2176.505,2176.495,true
2005,Negeri Sembilan,70.42931406339522,1.8804987866298304,1.0,2176.505,2176.495,true
2005,Negeri Sembilan,63.12284585549346,1.6439740947718593,1.0,2176.505,2176.495,true
2006,Negeri Sembilan,87.31330747610005,1.1308789959474337,1.0,2750.2300000000005,2750.2250000000004,true
2006,Negeri Sembilan,72.99973902792402,1.127579349009656,1.0,2750.2300000000005,2750.2250000000004,true
2006,Negeri Sembilan,72.44029888801899,1.12682942925107,1.0,2750.2300000000005,2750.2250000000004,true
2006,Negeri Sembilan,72.01629425651456,1.125629557637333,1.0,2750.2300000000005,2750.2250000000004,true
2006,Negeri Sembilan,71.78321919554608,1.1251796057821812,1.0,2750.2300000000005,2750.2250000000004,true
2006,Negeri Sembilan,71.38891138648165,1.1244296860235954,1.0,2750.2300000000005,2750.2250000000004,true
2006,Negeri Sembilan,69.3161331737504,1.113180889644808,1.0,2750.2300000000005,2750.2250000000004,true
2006,Negeri Sembilan,62.10115517639613,1.0216906790973366,1.0,2750.2300000000005,2750.2250000000004,true
2007,Negeri Sembilan,85.78212131301952,1.5311861630805506,2.0,2503.735,2503.73,true
2007,Negeri Sembilan,71.47215247968467,1.5275865482393385,2.0,2503.735,2503.73,true
2007,Negeri Sembilan,70.91331227558652,1.5269866124324698,2.0,2503.735,2503.73,true
2007,Negeri Sembilan,70.49005756384067,1.526236692673884,2.0,2503.735,2503.73,true
2007,Negeri Sembilan,70.25728247077564,1.5259367247704496,2.0,2503.735,2503.73,true
2007,Negeri Sembilan,69.86342461356635,1.525486772915298,2.0,2503.735,2503.73,true
2007,Negeri Sembilan,67.80069532560016,1.515437848150248,2.0,2503.735,2503.73,true
2007,Negeri Sembilan,60.68185704129658,1.4192981350995444,2.0,2503.735,2503.73,true
2008,Negeri Sembilan,84.5221061346436,1.2600151783759137,1.0,2693.94,2693.94,true
2008,Negeri Sembilan,70.21363714082594,1.258515338858742,1.0,2693.94,2693.94,true
2008,Negeri Sembilan,69.65509690463121,1.258215370955308,1.0,2693.94,2693.94,true
2008,Negeri Sembilan,69.23229214474051,1.2577654191001562,1.0,2693.94,2693.94,true
2008,Negeri Sembilan,68.99966703562718,1.2576154351484392,1.0,2693.94,2693.94,true
2008,Negeri Sembilan,68.60610914632134,1.2573154672450049,1.0,2693.94,2693.94,true
2008,Negeri Sembilan,66.54832932876182,1.2523659968383385,1.0,2693.94,2693.94,true
2008,Negeri Sembilan,59.47673598924915,1.205121052047431,1.0,2693.94,2693.94,true
2009,Negeri Sembilan,81.92708380203318,2.5950223326104105,1.0,2416.285,2416.285,true
2009,Negeri Sembilan,67.62326431071875,2.5903728301071784,1.0,2416.285,2416.285,true
2009,Negeri Sembilan,67.06577396218604,2.5893229424451585,1.0,2416.285,2416.285,true
2009,Negeri Sembilan,66.64401908995737,2.588273054783138,1.0,2416.285,2416.285,true
2009,Negeri Sembilan,66.4118439326992,2.587823102927987,1.0,2416.285,2416.285,true
2009,Negeri Sembilan,66.01903596315194,2.587073183169401,1.0,2416.285,2416.285,true
2009,Negeri Sembilan,63.97175502221263,2.5765743065492,1.0,2416.285,2416.285,true
2009,Negeri Sembilan,56.99480155623349,2.481934433015667,1.0,2416.285,2416.285,true
2010,Negeri Sembilan,81.09707261323038,0.8300111888027981,1.0,2517.8,2517.81,true
2010,Negeri Sembilan,66.7944529935297,0.8288113171890608,1.0,2517.8,2517.81,true
2010,Negeri Sembilan,66.23726261290042,0.8285113492856264,1.0,2517.8,2517.81,true
2010,Negeri Sembilan,65.81580770857518,0.8282113813821921,1.0,2517.8,2517.81,true
2010,Negeri Sembilan,65.58378253526872,0.8280613974304749,1.0,2517.8,2517.81,true
2010,Negeri Sembilan,65.19112454967319,0.8279114134787577,1.0,2517.8,2517.81,true
2010,Negeri Sembilan,63.147443223575074,0.8243117986375458,1.0,2517.8,2517.81,true
2010,Negeri Sembilan,56.20303627511857,0.7917652811149207,1.0,2517.8,2517.81,true
0,Negeri Sembilan,35.69363078150638,0.0,0.0,2502.74,2502.75,true
2001,Pahang,98.64750959350536,1.3524904064946317,3.0,2519.1400000000003,2519.13,true
2001,Pahang,91.4801472036166,1.3366755568249584,3.0,2519.1400000000003,2519.13,true
2001,Pahang,91.1836815296502,1.3333284986938103,3.0,2519.1400000000003,2519.13,true
2001,Pahang,90.95284608720536,1.3295909504473622,3.0,2519.1400000000003,2519.13,true
2001,Pahang,90.81782018376464,1.3276663920219522,3.0,2519.1400000000003,2519.13,true
2001,Pahang,90.5921726814231,1.3241240888331542,3.0,2519.1400000000003,2519.13,true
2001,Pahang,89.34146073426645,1.297068702273043,3.0,2519.1400000000003,2519.13,true
2001,Pahang,84.28307967281391,1.1518621636834152,3.0,2519.1400000000003,2519.13,true
2002,Pahang,97.00120326739815,1.6463063261072208,2.0,2353.95,2353.94,true
2002,Pahang,89.84890263909955,1.6312445645170557,2.0,2353.95,2353.94,true
2002,Pahang,89.55503093518477,1.6286505944654164,2.0,2353.95,2353.94,true
2002,Pahang,89.32790514883531,1.6249409383700608,2.0,2353.95,2353.94,true
2002,Pahang,89.19511061748202,1.6227095662826292,2.0,2353.95,2353.94,true
2002,Pahang,88.97286595757382,1.6193067238492953,2.0,2353.95,2353.94,true
2002,Pahang,87.74826106384012,1.5931996704263425,2.0,2353.95,2353.94,true
2002,Pahang,82.82284188664741,1.4602377861664972,2.0,2353.95,2353.94,true
2003,Pahang,96.24231362046255,0.758889646935573,0.0,2352.62,2352.63,true
2003,Pahang,89.09402946192135,0.7548731771781957,0.0,2352.62,2352.63,true
2003,Pahang,88.80079927748173,0.754231657703059,0.0,2352.62,2352.63,true
2003,Pahang,88.57467760857159,0.7532275402637147,0.0,2352.62,2352.63,true
2003,Pahang,88.44244092024016,0.7526696972418567,0.0,2352.62,2352.63,true
2003,Pahang,88.22080988765599,0.752056069917813,0.0,2352.62,2352.63,true
2003,Pahang,87.00356852181082,0.7446925420292879,0.0,2352.62,2352.63,true
2003,Pahang,82.15900869063644,0.6638331960109761,0.0,2352.62,2352.63,true
2004,Pahang,94.96822805069009,1.2740855697724949,2.0,2159.9300000000003,2159.92,true
2004,Pahang,87.83031977235541,1.2637096895659368,2.0,2159.9300000000003,2159.92,true
2004,Pahang,87.53887468558572,1.2619245918959914,2.0,2159.9300000000003,2159.92,true
2004,Pahang,87.31526331027396,1.2594142982976304,2.0,2159.9300000000003,2159.92,true
2004,Pahang,87.18436544519498,1.2580754750451717,2.0,2159.9300000000003,2159.92,true
2004,Pahang,86.96404534371219,1.256764543943805,2.0,2159.9300000000003,2159.92,true
2004,Pahang,85.7610568670755,1.242511654735334,2.0,2159.9300000000003,2159.92,true
2004,Pahang,81.00630976242023,1.152698928216202,2.0,2159.9300000000003,2159.92,true
2005,Pahang,93.24471625035773,1.723511800332363,1.0,2161.39,2161.37,true
2005,Pahang,86.11233061793945,1.7179891544159689,1.0,2161.39,2161.37,true
2005,Pahang,85.8223359230266,1.7165387625591384,1.0,2161.39,2161.37,true
2005,Pahang,85.60034229247822,1.71492101779575,1.0,2161.39,2161.37,true
2005,Pahang,85.47014173117657,1.7142237140184278,1.0,2161.39,2161.37,true
2005,Pahang,85.25063050207545,1.713414841636734,1.0,2161.39,2161.37,true
2005,Pahang,84.05935672889777,1.7017001381777166,1.0,2161.39,2161.37,true
2005,Pahang,79.40086543766411,1.605444324756125,1.0,2161.39,2161.37,true
2006,Pahang,91.9864176381038,1.2582986122539144,2.0,2593.9,2593.9,true
2006,Pahang,84.85673754434154,1.2555930735979035,2.0,2593.9,2593.9,true
2006,Pahang,84.56730069245054,1.2550352305760455,2.0,2593.9,2593.9,true
2006,Pahang,84.3459485813773,1.2543937111009087,2.0,2593.9,2593.9,true
2006,Pahang,84.21619429449314,1.2539474366834225,2.0,2593.9,2593.9,true
2006,Pahang,83.99712933980952,1.253501162265936,2.0,2593.9,2593.9,true
2006,Pahang,82.81201973202337,1.2473369968744057,2.0,2593.9,2593.9,true
2006,Pahang,78.19511563806921,1.2057497995948945,2.0,2593.9,2593.9,true
2007,Pahang,90.7555927946764,1.2308248434274098,2.0,2454.1000000000004,2454.1,true
2007,Pahang,83.62800461224612,1.2287329320954423,2.0,2454.1000000000004,2454.1,true
2007,Pahang,83.33901403477259,1.228286657677956,2.0,2454.1000000000004,2454.1,true
2007,Pahang,83.11819187457012,1.227756706807191,2.0,2454.1000000000004,2454.1,true
2007,Pahang,82.98866072489469,1.227533569598448,2.0,2454.1000000000004,2454.1,true
2007,Pahang,82.76995836817528,1.2271709716342405,2.0,2454.1000000000004,2454.1,true
2007,Pahang,81.589311504564,1.2227082274593766,2.0,2454.1000000000004,2454.1,true
2007,Pahang,77.01059176545601,1.1845238726131988,2.0,2454.1000000000004,2454.1,true
2008,Pahang,89.80282480549408,0.952767989182308,2.0,2555.96,2555.96,true
2008,Pahang,82.67713328933812,0.950871322907991,2.0,2555.96,2555.96,true
2008,Pahang,82.38844952552662,0.9505645092459692,2.0,2555.96,2555.96,true
2008,Pahang,82.16796207113725,0.9502298034328543,2.0,2555.96,2555.96,true
2008,Pahang,82.0385703822173,0.95009034267739,2.0,2555.96,2555.96,true
2008,Pahang,81.82014694700882,0.949811421166461,2.0,2555.96,2555.96,true
2008,Pahang,80.64326552379507,0.9460459807689195,2.0,2555.96,2555.96,true
2008,Pahang,76.09528293519146,0.915308830264546,2.0,2555.96,2555.96,true
2009,Pahang,88.25486620414043,1.5479586013536617,2.0,2313.27,2313.27,true
2009,Pahang,81.13207547169812,1.5450578176400005,2.0,2313.27,2313.27,true
2009,Pahang,80.84392165875738,1.5445278667692357,2.0,2313.27,2313.27,true
2009,Pahang,80.62393626308769,1.5440258080495632,2.0,2313.27,2313.27,true
2009,Pahang,80.49479560352758,1.5437747786897271,2.0,2313.27,2313.27,true
2009,Pahang,80.2767347662833,1.5434121807255194,2.0,2313.27,2313.27,true
2009,Pahang,79.10543177328813,1.53783375050694,2.0,2313.27,2313.27,true
2009,Pahang,74.60252290085066,1.4927600343408165,2.0,2313.27,2313.27,true
2010,Pahang,86.66272643545561,1.5921397686848124,1.0,2411.94,2411.96,true
2010,Pahang,79.5419160457409,1.5901594259572167,1.0,2411.94,2411.96,true
2010,Pahang,79.25409693861329,1.589824720144102,1.0,2411.94,2411.96,true
2010,Pahang,79.03444624875671,1.5894900143309871,1.0,2411.94,2411.96,true
2010,Pahang,78.90555661855643,1.5892389849711512,1.0,2411.94,2411.96,true
2010,Pahang,78.68780259497416,1.5889321713091291,1.0,2411.94,2411.96,true
2010,Pahang,77.5208786697006,1.5845531035875442,1.0,2411.94,2411.96,true
2010,Pahang,73.05277920182705,1.549743699023607,1.0,2411.94,2411.96,true
0,Pahang,52.48083948680673,0.0,0.0,2425.43,2425.44,true
2001,Perak,99.20238533601773,0.797614663982287,2.0,2135.37,2135.3683333333333,true
2001,Perak,85.0598007756646,0.7850376116034069,2.0,2135.37,2135.3683333333333,true
2001,Perak,84.58172932079135,0.7827900014824662,2.0,2135.37,2135.3683333333333,true
2001,Perak,84.28647942958524,0.7803511053937862,2.0,2135.37,2135.3683333333333,true
2001,Perak,84.08974181176504,0.7790121036196087,2.0,2135.37,2135.3683333333333,true
2001,Perak,83.67857262410872,0.776860136482538,2.0,2135.37,2135.3683333333333,true
2001,Perak,81.91778529106551,0.7616529020472381,2.0,2135.37,2135.3683333333333,true
2001,Perak,76.01986504774976,0.6796868648708102,2.0,2135.37,2135.3683333333333,true
2002,Perak,98.1915824609896,1.010802875028095,4.0,1915.871666666667,1915.871666666667,true
2002,Perak,84.05980555781379,0.9999952178508066,4.0,1915.871666666667,1915.871666666667,true
2002,Perak,83.58364696261795,0.9980823581734104,4.0,1915.871666666667,1915.871666666667,true
2002,Perak,83.29016646661343,0.9963129629718188,4.0,1915.871666666667,1915.871666666667,true
2002,Perak,83.09457656459966,0.995165247165381,4.0,1915.871666666667,1915.871666666667,true
2002,Perak,82.68488984319333,0.9936827809153992,4.0,1915.871666666667,1915.871666666667,true
2002,Perak,80.94222685559343,0.97555843547207,4.0,1915.871666666667,1915.871666666667,true
2002,Perak,75.15042250288124,0.8694425448685148,4.0,1915.871666666667,1915.871666666667,true
2003,Perak,97.72828784712424,0.4632946138653633,4.0,2499.901666666666,2499.898333333333,true
2003,Perak,83.60167566507741,0.4581298927363936,4.0,2499.901666666666,2499.898333333333,true
2003,Perak,83.12656914270411,0.4570778199138256,4.0,2499.901666666666,2499.898333333333,true
2003,Perak,82.83390161206249,0.4562648545509322,4.0,2499.901666666666,2499.898333333333,true
2003,Perak,82.63898121093581,0.4555953536638435,4.0,2499.901666666666,2499.898333333333,true
2003,Perak,82.23015527638431,0.4547345668090153,4.0,2499.901666666666,2499.898333333333,true
2003,Perak,80.49657837225206,0.4456484833413833,4.0,2499.901666666666,2499.898333333333,true
2003,Perak,74.76555513578913,0.3848673670921185,4.0,2499.901666666666,2499.898333333333,true
2004,Perak,97.02344687749569,0.7048409696285705,5.0,2010.0683333333332,2010.0583333333327,true
2004,Perak,82.90271673895681,0.6989589261205772,5.0,2010.0683333333332,2010.0583333333327,true
2004,Perak,82.42871011089804,0.6978590318060742,5.0,2010.0683333333332,2010.0583333333327,true
2004,Perak,82.13675990263545,0.6971417094270507,5.0,2010.0683333333332,2010.0583333333327,true
2004,Perak,81.94260464537973,0.6963765655560923,5.0,2010.0683333333332,2010.0583333333327,true
2004,Perak,81.5344482117153,0.6957070646690036,5.0,2010.0683333333332,2010.0583333333327,true
2004,Perak,79.80962264060713,0.6869557316449159,5.0,2010.0683333333332,2010.0583333333327,true
2004,Perak,74.13545915805481,0.6300959777343134,5.0,2010.0683333333332,2010.0583333333327,true
2005,Perak,96.07600747928132,0.9474393982143454,3.0,2226.5383333333334,2226.5383333333334,true
2005,Perak,81.96044206187145,0.9422746770853756,3.0,2226.5383333333334,2226.5383333333334,true
2005,Perak,81.48753532812717,0.941174782770873,3.0,2226.5383333333334,2226.5383333333334,true
2005,Perak,81.19649372821132,0.9402661744241098,3.0,2226.5383333333334,2226.5383333333334,true
2005,Perak,81.0028645073669,0.9397401380128256,3.0,2226.5383333333334,2226.5383333333334,true
2005,Perak,80.59547321757344,0.9389749941418674,3.0,2226.5383333333334,2226.5383333333334,true
2005,Perak,78.88006848037645,0.9295541602306908,3.0,2226.5383333333334,2226.5383333333334,true
2005,Perak,73.27290290802493,0.8625562500298883,3.0,2226.5383333333334,2226.5383333333334,true
2006,Perak,95.49311131408678,0.5828961651945617,5.0,2242.893333333333,2242.8833333333337,true
2006,Perak,81.38008043574943,0.5803616261220118,5.0,2242.893333333333,2242.8833333333337,true
2006,Perak,80.90769973841644,0.5798355897107278,5.0,2242.893333333333,2242.8833333333337,true
2006,Perak,80.61699288894415,0.5795008392671834,5.0,2242.893333333333,2242.8833333333337,true
2006,Perak,80.42355495406746,0.5793095532994439,5.0,2242.893333333333,2242.8833333333337,true
2006,Perak,80.01645059322561,0.5790226243478345,5.0,2242.893333333333,2242.8833333333337,true
2006,Perak,78.30558889776243,0.5744795826140183,5.0,2242.893333333333,2242.8833333333337,true
2006,Perak,72.73213747722501,0.54076543079991,5.0,2242.893333333333,2242.8833333333337,true
2007,Perak,94.5351033661548,0.9580079479319596,3.0,2146.385,2146.3833333333337,true
2007,Perak,80.42541999225293,0.954660443496516,3.0,2146.385,2146.3833333333337,true
2007,Perak,79.95380443879088,0.9538952996255576,3.0,2146.385,2146.3833333333337,true
2007,Perak,79.66362362572987,0.9533692632142736,3.0,2146.385,2146.3833333333337,true
2007,Perak,79.4704726198048,0.9530823342626644,3.0,2146.385,2146.3833333333337,true
2007,Perak,79.06379865239036,0.9526519408352502,3.0,2146.385,2146.3833333333337,true
2007,Perak,77.3584364284997,0.947152469262736,3.0,2146.385,2146.3833333333337,true
2007,Perak,71.84198822634869,0.8901492508763289,3.0,2146.385,2146.3833333333337,true
2008,Perak,93.7296459774952,0.8054573886596115,4.0,2707.5750000000003,2707.5883333333336,true
2008,Perak,79.62182764177876,0.8035923504741501,4.0,2707.5750000000003,2707.5883333333336,true
2008,Perak,79.15073812472801,0.8030663140628662,4.0,2707.5750000000003,2707.5883333333336,true
2008,Perak,78.86084424061862,0.8027793851112568,4.0,2707.5750000000003,2707.5883333333336,true
2008,Perak,78.66793234215321,0.8025402776515821,4.0,2707.5750000000003,2707.5883333333336,true
2008,Perak,78.26154530369038,0.8022533486999727,4.0,2707.5750000000003,2707.5883333333336,true
2008,Perak,76.55976969169484,0.7986667368048548,4.0,2707.5750000000003,2707.5883333333336,true
2008,Perak,71.07866157208372,0.7633266542649597,4.0,2707.5750000000003,2707.5883333333336,true
2009,Perak,92.30800866525432,1.4216373122408672,2.0,2723.648333333333,2723.6383333333333,true
2009,Perak,78.20339436949753,1.4184332722812287,2.0,2723.648333333333,2723.6383333333333,true
2009,Perak,77.7330221748258,1.4177159499022052,2.0,2723.648333333333,2723.6383333333333,true
2009,Perak,77.4436543271277,1.4171899134909212,2.0,2723.648333333333,2723.6383333333333,true
2009,Perak,77.25112500059777,1.416807341555442,2.0,2723.648333333333,2723.6383333333333,true
2009,Perak,76.84516835556235,1.4163769481280275,2.0,2723.648333333333,2723.6383333333333,true
2009,Perak,75.14989646646995,1.409873225224881,2.0,2723.648333333333,2723.6383333333333,true
2009,Perak,69.72588720822912,1.3527743638546037,2.0,2723.648333333333,2723.6383333333333,true
2010,Perak,91.0049208315201,1.3030878337342369,4.0,2230.4100000000003,2230.403333333333,true
2010,Perak,76.9022193954407,1.3011749740568406,4.0,2230.4100000000003,2230.403333333333,true
2010,Perak,76.43227759419638,1.3007445806294264,4.0,2230.4100000000003,2230.403333333333,true
2010,Perak,76.14314885395794,1.3005054731697518,4.0,2230.4100000000003,2230.403333333333,true
2010,Perak,75.95081081339575,1.3003141872020123,4.0,2230.4100000000003,2230.403333333333,true
2010,Perak,75.54518891880389,1.299979436758468,4.0,2230.4100000000003,2230.403333333333,true
2010,Perak,73.85393403503403,1.295962431435936,4.0,2230.4100000000003,2230.403333333333,true
2010,Perak,68.46741682647016,1.2584703817589702,4.0,2230.4100000000003,2230.403333333333,true
0,Perak,55.88108707815466,0.0,0.0,2514.471666666667,2514.458333333333,true
2001,Perlis,99.63691119503576,0.3630888049642375,4.0,2447.047142857143,2447.035714285714,true
2001,Perlis,35.26940217853283,0.324229802426259,4.0,2447.047142857143,2447.035714285714,true
2001,Perlis,34.46793525118702,0.3205867709383235,4.0,2447.047142857143,2447.035714285714,true
2001,Perlis,34.05748703687962,0.3181580832796998,4.0,2447.047142857143,2447.035714285714,true
2001,Perlis,33.73932895359992,0.3157293956210761,4.0,2447.047142857143,2447.035714285714,true
2001,Perlis,32.91964686881443,0.3133007079624525,4.0,2447.047142857143,2447.035714285714,true
2001,Perlis,30.82004638793428,0.2647269547899792,4.0,2447.047142857143,2447.035714285714,true
2001,Perlis,23.99057669188454,0.1262917582484304,4.0,2447.047142857143,2447.035714285714,true
2002,Perlis,99.40011414831996,0.2367970467158071,4.0,2323.2885714285712,2323.281428571429,true
2002,Perlis,35.05203463308601,0.2173675454468178,4.0,2323.2885714285712,2323.281428571429,true
2002,Perlis,34.25421073722814,0.2137245139588823,4.0,2323.2885714285712,2323.281428571429,true
2002,Perlis,33.84619121057936,0.2112958263002586,4.0,2323.2885714285712,2323.281428571429,true
2002,Perlis,33.528033127299665,0.2112958263002586,4.0,2323.2885714285712,2323.281428571429,true
2002,Perlis,32.709565386343485,0.2100814824709468,4.0,2323.2885714285712,2323.281428571429,true
2002,Perlis,30.64275218885476,0.1772941990795273,4.0,2323.2885714285712,2323.281428571429,true
2002,Perlis,23.897072217027528,0.093504474857011,4.0,2323.2885714285712,2323.281428571429,true
2003,Perlis,99.32725351856124,0.0728606297587098,4.0,2559.3014285714285,2559.304285714286,true
2003,Perlis,34.98281703481524,0.0692175982707744,4.0,2559.3014285714285,2559.304285714286,true
2003,Perlis,34.18620748278667,0.0680032544414625,4.0,2559.3014285714285,2559.304285714286,true
2003,Perlis,33.7781879561379,0.0680032544414625,4.0,2559.3014285714285,2559.304285714286,true
2003,Perlis,33.46124421668751,0.0667889106121507,4.0,2559.3014285714285,2559.304285714286,true
2003,Perlis,32.64277647573134,0.0667889106121507,4.0,2559.3014285714285,2559.304285714286,true
2003,Perlis,30.57960630973054,0.0631458791242152,4.0,2559.3014285714285,2559.304285714286,true
2003,Perlis,23.853355839172306,0.0437163778552259,4.0,2559.3014285714285,2559.304285714286,true
2004,Perlis,99.1791035713852,0.1481499471760434,4.0,2349.07,2349.0714285714284,true
2004,Perlis,34.84438183827369,0.1384351965415488,4.0,2349.07,2349.0714285714284,true
2004,Perlis,34.04898663007444,0.1372208527122369,4.0,2349.07,2349.0714285714284,true
2004,Perlis,33.64096710342566,0.1372208527122369,4.0,2349.07,2349.0714285714284,true
2004,Perlis,33.32523770780459,0.1360065088829251,4.0,2349.07,2349.0714285714284,true
2004,Perlis,32.50676996684842,0.1360065088829251,4.0,2349.07,2349.0714285714284,true
2004,Perlis,30.45817192679936,0.1214343829311831,4.0,2349.07,2349.0714285714284,true
2004,Perlis,23.77199480260841,0.0813610365638927,4.0,2349.07,2349.0714285714284,true
2005,Perlis,98.8815893332038,0.2975142381813986,5.0,2220.371428571428,2220.3728571428574,true
2005,Perlis,34.56508275753197,0.2792990807417212,5.0,2220.371428571428,2220.3728571428574,true
2005,Perlis,33.77211623699134,0.2768703930830976,5.0,2220.371428571428,2220.3728571428574,true
2005,Perlis,33.367739741830505,0.273227361595162,5.0,2220.371428571428,2220.3728571428574,true
2005,Perlis,33.05322469003873,0.2720130177658502,5.0,2220.371428571428,2220.3728571428574,true
2005,Perlis,32.23597129291188,0.2707986739365384,5.0,2220.371428571428,2220.3728571428574,true
2005,Perlis,30.21166012944905,0.2465117973503017,5.0,2220.371428571428,2220.3728571428574,true
2005,Perlis,23.623844855432367,0.1481499471760434,5.0,2220.371428571428,2220.3728571428574,true
2006,Perlis,98.77351273239503,0.1080766008087529,5.0,2815.4714285714285,2815.464285714286,true
2006,Perlis,34.46672090735771,0.0983618501742583,5.0,2815.4714285714285,2815.464285714286,true
2006,Perlis,33.67375438681709,0.0983618501742583,5.0,2815.4714285714285,2815.464285714286,true
2006,Perlis,33.27059223548556,0.0971475063449465,5.0,2815.4714285714285,2815.464285714286,true
2006,Perlis,32.95607718369379,0.0971475063449465,5.0,2815.4714285714285,2815.464285714286,true
2006,Perlis,32.13882378656693,0.0971475063449465,5.0,2815.4714285714285,2815.464285714286,true
2006,Perlis,30.12301302990929,0.0886470995397636,5.0,2815.4714285714285,2815.464285714286,true
2006,Perlis,23.55948463247884,0.064360222953527,5.0,2815.4714285714285,2815.464285714286,true
2007,Perlis,98.66300744392768,0.1105052884673766,5.0,2507.7385714285715,2507.7371428571428,true
2007,Perlis,34.36228733803689,0.1044335693208174,5.0,2507.7385714285715,2507.7371428571428,true
2007,Perlis,33.57053516132558,0.1032192254915056,5.0,2507.7385714285715,2507.7371428571428,true
2007,Perlis,33.16858735382336,0.1020048816621938,5.0,2507.7385714285715,2507.7371428571428,true
2007,Perlis,32.85528664586091,0.100790537832882,5.0,2507.7385714285715,2507.7371428571428,true
2007,Perlis,32.03803324873405,0.100790537832882,5.0,2507.7385714285715,2507.7371428571428,true
2007,Perlis,30.029508555052274,0.093504474857011,5.0,2507.7385714285715,2507.7371428571428,true
2007,Perlis,23.490267034208063,0.0692175982707744,5.0,2507.7385714285715,2507.7371428571428,true
2008,Perlis,98.51971487206887,0.1432925718587961,4.0,2840.798571428571,2840.804285714286,true
2008,Perlis,34.22506648532465,0.1372208527122369,4.0,2840.798571428571,2840.804285714286,true
2008,Perlis,33.43574299627197,0.1347921650536132,4.0,2840.798571428571,2840.804285714286,true
2008,Perlis,33.035009532599055,0.1335778212243014,4.0,2840.798571428571,2840.804285714286,true
2008,Perlis,32.72170882463661,0.1335778212243014,4.0,2840.798571428571,2840.804285714286,true
2008,Perlis,31.904455427509745,0.1335778212243014,4.0,2840.798571428571,2840.804285714286,true
2008,Perlis,29.90564548446247,0.1238630705898067,4.0,2840.798571428571,2840.804285714286,true
2008,Perlis,23.41254902913211,0.0777180050759572,4.0,2840.798571428571,2840.804285714286,true
2009,Perlis,98.18334163134948,0.3363732407193773,6.0,2619.8542857142857,2619.8557142857144,true
2009,Perlis,33.91905184033807,0.3060146449865815,6.0,2619.8542857142857,2619.8557142857144,true
2009,Perlis,33.13337138277332,0.302371613498646,6.0,2619.8542857142857,2619.8557142857144,true
2009,Perlis,32.736280950588345,0.2987285820107105,6.0,2619.8542857142857,2619.8557142857144,true
2009,Perlis,32.42540893028452,0.2962998943520868,6.0,2619.8542857142857,2619.8557142857144,true
2009,Perlis,31.610584220816285,0.2938712066934631,6.0,2619.8542857142857,2619.8557142857144,true
2009,Perlis,29.64334721733112,0.2622982671313555,6.0,2619.8542857142857,2619.8557142857144,true
2009,Perlis,23.25225564366295,0.1602933854691617,6.0,2619.8542857142857,2619.8557142857144,true
2010,Perlis,97.97083146121992,0.2125101701295705,5.0,2545.902857142857,2545.9,true
2010,Perlis,33.71018470169644,0.2088671386416349,5.0,2545.902857142857,2545.9,true
2010,Perlis,32.92571858796099,0.2076527948123231,5.0,2545.902857142857,2545.9,true
2010,Perlis,32.528628155776026,0.2076527948123231,5.0,2545.902857142857,2545.9,true
2010,Perlis,32.21897047930151,0.2064384509830113,5.0,2545.902857142857,2545.9,true
2010,Perlis,31.40414576983327,0.2064384509830113,5.0,2545.902857142857,2545.9,true
2010,Perlis,29.43933745400673,0.2040097633243877,5.0,2545.902857142857,2545.9,true
2010,Perlis,23.090747914364474,0.1615077292984735,5.0,2545.902857142857,2545.9,true
0,Perlis,17.51326670633523,0.0,0.0,2615.252857142857,2615.252857142857,true
2001,Sabah,99.1311149034921,0.8688850965078971,4.0,3007.622142857143,3007.6142857142854,true
2001,Sabah,90.97113695422372,0.8577891944090218,4.0,3007.622142857143,3007.6142857142854,true
2001,Sabah,90.60461950347602,0.8557680582076375,4.0,3007.622142857143,3007.6142857142854,true
2001,Sabah,90.32574340170244,0.8540182154561032,4.0,3007.622142857143,3007.6142857142854,true
2001,Sabah,90.1729238014018,0.8530144296916573,4.0,3007.622142857143,3007.6142857142854,true
2001,Sabah,89.81721739463065,0.8509254701278104,4.0,3007.622142857143,3007.6142857142854,true
2001,Sabah,88.49539431892526,0.8390292523518769,4.0,3007.622142857143,3007.6142857142854,true
2001,Sabah,82.84907226457189,0.787090121378046,4.0,3007.622142857143,3007.6142857142854,true
2002,Sabah,98.3118493789618,0.819265524530286,4.0,2060.4714285714285,2060.4728571428573,true
2002,Sabah,90.15930487021932,0.811832084004389,4.0,2060.4714285714285,2060.4728571428573,true
2002,Sabah,89.79414388672087,0.8104756167551377,4.0,2060.4714285714285,2060.4728571428573,true
2002,Sabah,89.51659712285156,0.8091462788508715,4.0,2060.4714285714285,2060.4728571428573,true
2002,Sabah,89.36456427355549,0.8083595278463057,4.0,2060.4714285714285,2060.4728571428573,true
2002,Sabah,89.01025502805106,0.8069623665795769,4.0,2060.4714285714285,2060.4728571428573,true
2002,Sabah,87.69663857920365,0.7987557397216068,4.0,2060.4714285714285,2060.4728571428573,true
2002,Sabah,82.09347931272146,0.7555929518504316,4.0,2060.4714285714285,2060.4728571428573,true
2003,Sabah,97.85980666814883,0.4520427108129837,5.0,2509.855,2509.8585714285714,true
2003,Sabah,89.71078897425438,0.4485158959649304,5.0,2509.855,2509.8585714285714,true
2003,Sabah,89.34629265970808,0.4478512270127973,5.0,2509.855,2509.8585714285714,true
2003,Sabah,89.06938343544593,0.4472136874056492,5.0,2509.855,2509.8585714285714,true
2003,Sabah,88.91768970296215,0.4468745705933364,5.0,2509.855,2509.8585714285714,true
2003,Sabah,88.56395017370241,0.4463048543486509,5.0,2509.855,2509.8585714285714,true
2003,Sabah,87.2541318331529,0.4425067460507473,5.0,2509.855,2509.8585714285714,true
2003,Sabah,81.67203850305158,0.4214408096698752,5.0,2509.855,2509.8585714285714,true
2004,Sabah,96.67566501824246,1.1841416499063837,4.0,2095.555714285714,2095.554285714285,true
2004,Sabah,88.5335517426467,1.177237231607695,4.0,2095.555714285714,2095.554285714285,true
2004,Sabah,88.17014060189979,1.1761520578082936,4.0,2095.555714285714,2095.554285714285,true
2004,Sabah,87.89442506881697,1.1749583666289525,4.0,2095.555714285714,2095.554285714285,true
2004,Sabah,87.74326035856042,1.1744293444017444,4.0,2095.555714285714,2095.554285714285,true
2004,Sabah,87.39041609768518,1.1735340760172386,4.0,2095.555714285714,2095.554285714285,true
2004,Sabah,86.08789555093664,1.1662362822162666,4.0,2095.555714285714,2095.554285714285,true
2004,Sabah,80.5536583853889,1.1183801176626822,4.0,2095.555714285714,2095.554285714285,true
2005,Sabah,95.68274455646302,0.9929204617794328,2.0,3072.0,3071.996428571428,true
2005,Sabah,87.54522970484221,0.988322037804471,2.0,3072.0,3071.996428571428,true
2005,Sabah,87.18249679771995,0.9876438041798452,2.0,3072.0,3071.996428571428,true
2005,Sabah,86.90748662760674,0.9869384412102348,2.0,3072.0,3071.996428571428,true
2005,Sabah,86.75668816350748,0.9865721950529368,2.0,3072.0,3071.996428571428,true
2005,Sabah,86.40444074822192,0.985975349463266,2.0,3072.0,3071.996428571428,true
2005,Sabah,85.10710190636551,0.9807936445711264,2.0,3072.0,3071.996428571428,true
2005,Sabah,79.60843131209313,0.9452270732957582,2.0,3072.0,3071.996428571428,true
2006,Sabah,94.57560955229664,1.1071350041663892,9.0,3590.7764285714284,3590.7757142857145,true
2006,Sabah,86.44254391325337,1.1026857915888448,9.0,3590.7764285714284,3590.7757142857145,true
2006,Sabah,86.08035359303081,1.1021432046891444,9.0,3590.7764285714284,3590.7757142857145,true
2006,Sabah,85.80603522121471,1.1014514063920262,9.0,3590.7764285714284,3590.7757142857145,true
2006,Sabah,85.65548092122032,1.101207242287161,9.0,3590.7764285714284,3590.7757142857145,true
2006,Sabah,85.30372183414447,1.1007189140774305,9.0,3590.7764285714284,3590.7757142857145,true
2006,Sabah,84.01098141626304,1.096120490102469,9.0,3590.7764285714284,3590.7757142857145,true
2006,Sabah,78.54782313457606,1.0606081775170708,9.0,3590.7764285714284,3590.7757142857145,true
2007,Sabah,93.72557935055332,0.8500302017433046,5.0,2793.727857142857,2793.7228571428573,true
2007,Sabah,85.59703074745008,0.8455131658032978,5.0,2793.727857142857,2793.7228571428573,true
2007,Sabah,85.23534232010972,0.8450112729210748,5.0,2793.727857142857,2793.7228571428573,true
2007,Sabah,84.96158009986583,0.8444551213488818,5.0,2793.727857142857,2793.7228571428573,true
2007,Sabah,84.81122926995882,0.8442516512614943,5.0,2793.727857142857,2793.7228571428573,true
2007,Sabah,84.45991781707524,0.8438040170692412,5.0,2793.727857142857,2793.7228571428573,true
2007,Sabah,83.17143670635645,0.8395447099065922,5.0,2793.727857142857,2793.7228571428573,true
2007,Sabah,77.73698127166362,0.8108418629124357,5.0,2793.727857142857,2793.7228571428573,true
2008,Sabah,92.57780458759936,1.147774762953957,3.0,3117.3657142857146,3117.365714285714,true
2008,Sabah,84.4559976267249,1.1410331207251785,3.0,3117.3657142857146,3117.365714285714,true
2008,Sabah,84.09490604497421,1.1404362751355075,3.0,3117.3657142857146,3117.365714285714,true
2008,Sabah,83.82184918769994,1.1397309121658972,3.0,3117.3657142857146,3117.365714285714,true
2008,Sabah,83.67168826320783,1.139541006751002,3.0,3117.3657142857146,3117.365714285714,true
2008,Sabah,83.32089226787896,1.1390255491962864,3.0,3117.3657142857146,3117.365714285714,true
2008,Sabah,82.03667046432281,1.1347662420336375,3.0,3117.3657142857146,3117.365714285714,true
2008,Sabah,76.63603175815382,1.1009495135098035,3.0,3117.3657142857146,3117.365714285714,true
2009,Sabah,91.32484935413846,1.2529552334609,6.0,2828.9985714285717,2829.0042857142857,true
2009,Sabah,83.20917362523062,1.2468240014942844,6.0,2828.9985714285717,2829.0042857142857,true
2009,Sabah,82.84870601841459,1.2462000265596287,6.0,2828.9985714285717,2829.0042857142857,true
2009,Sabah,82.57632739476493,1.245521792935003,6.0,2828.9985714285717,2829.0042857142857,true
2009,Sabah,82.42641063437767,1.2452776288301377,6.0,2828.9985714285717,2829.0042857142857,true
2009,Sabah,82.07606227324106,1.244829994637885,6.0,2828.9985714285717,2829.0042857142857,true
2009,Sabah,80.79650671702234,1.2401637473004603,6.0,2828.9985714285717,2829.0042857142857,true
2009,Sabah,75.43119041802386,1.2048413401299578,6.0,2828.9985714285717,2829.0042857142857,true
2010,Sabah,89.91153256247108,1.4133167916673846,9.0,2764.319285714286,2764.3214285714284,true
2010,Sabah,81.7991801783239,1.409993446906719,9.0,2764.319285714286,2764.3214285714284,true
2010,Sabah,81.43913307635513,1.409572942059451,9.0,2764.319285714286,2764.3214285714284,true
2010,Sabah,81.16716139288026,1.4091660018846757,9.0,2764.319285714286,2764.3214285714284,true
2010,Sabah,81.0174209732354,1.408989661142273,9.0,2764.319285714286,2764.3214285714284,true
2010,Sabah,80.66750668161855,1.4085555916225123,9.0,2764.319285714286,2764.3214285714284,true
2010,Sabah,79.39185775107768,1.4046489659446688,9.0,2764.319285714286,2764.3214285714284,true
2010,Sabah,74.05816070365925,1.373029714364622,9.0,2764.319285714286,2764.3214285714284,true
0,Sabah,60.15308275494701,0.0,0.0,2939.569285714286,2939.572142857143,true
2001,Sarawak,99.16370916701705,0.836290832982957,6.0,3123.164,3123.1673333333333,true
2001,Sarawak,93.91599610486492,0.8191254201992076,6.0,3123.164,3123.1673333333333,true
2001,Sarawak,93.69039815275924,0.8165970558691776,6.0,3123.164,3123.1673333333333,true
2001,Sarawak,93.53822777816148,0.8147310745265679,6.0,3123.164,3123.1673333333333,true
2001,Sarawak,93.4275855857384,0.8132447517255279,6.0,3123.164,3123.1673333333333,true
2001,Sarawak,93.24018774518773,0.810159016345108,6.0,3123.164,3123.1673333333333,true
2001,Sarawak,92.30541994879457,0.7883488448081089,6.0,3123.164,3123.1673333333333,true
2001,Sarawak,88.67682132097747,0.7239926830913415,6.0,3123.164,3123.1673333333333,true
2002,Sarawak,98.5594381699812,0.6042709970358362,4.0,3008.0986666666663,3008.1053333333334,true
2002,Sarawak,93.31606290861257,0.5999331962523663,4.0,3008.0986666666663,3008.1053333333334,true
2002,Sarawak,93.09131312984444,0.5990850229148162,4.0,3008.0986666666663,3008.1053333333334,true
2002,Sarawak,92.939829371758,0.5983984064034663,4.0,3008.0986666666663,3008.1053333333334,true
2002,Sarawak,92.82975262822664,0.5978329575117663,4.0,3008.0986666666663,3008.1053333333334,true
2002,Sarawak,92.64309794907648,0.5970897961112465,4.0,3008.0986666666663,3008.1053333333334,true
2002,Sarawak,91.71480858141396,0.5906113673806267,4.0,3008.0986666666663,3008.1053333333334,true
2002,Sarawak,88.11637261304838,0.5604487079290879,4.0,3008.0986666666663,3008.1053333333334,true
2003,Sarawak,97.95770361511671,0.6017345548644962,2.0,3468.308,3468.311333333333,true
2003,Sarawak,92.71701827490428,0.5990446337082663,2.0,3468.308,3468.311333333333,true
2003,Sarawak,92.49293895696488,0.5983741728795363,2.0,3468.308,3468.311333333333,true
2003,Sarawak,92.34178639037218,0.5980429813858263,2.0,3468.308,3468.311333333333,true
2003,Sarawak,92.23204083833453,0.5977117898921164,2.0,3468.308,3468.311333333333,true
2003,Sarawak,92.04578197340857,0.5973159756679264,2.0,3468.308,3468.311333333333,true
2003,Sarawak,91.12202427472091,0.5927843066930166,2.0,3468.308,3468.311333333333,true
2003,Sarawak,87.54561657960774,0.5707560334406474,2.0,3468.308,3468.311333333333,true
2004,Sarawak,97.0682040414248,0.8894995736919249,1.0,3227.186,3227.180666666666,true
2004,Sarawak,91.83322973501852,0.8837885398857551,1.0,3227.186,3227.180666666666,true
2004,Sarawak,91.60990973416229,0.8830292228026152,1.0,3227.186,3227.180666666666,true
2004,Sarawak,91.4593468499852,0.8824395403869851,1.0,3227.186,3227.180666666666,true
2004,Sarawak,91.35001326785437,0.8820275704801752,1.0,3227.186,3227.180666666666,true
2004,Sarawak,91.16423099556566,0.8815509778428852,1.0,3227.186,3227.180666666666,true
2004,Sarawak,90.24628126477992,0.8757430099409954,1.0,3227.186,3227.180666666666,true
2004,Sarawak,86.70116712690168,0.8444494527060565,1.0,3227.186,3227.180666666666,true
2005,Sarawak,96.07674595471804,0.9914580867067408,1.0,2950.9573333333333,2950.956,true
2005,Sarawak,90.8461417604605,0.987087974558031,1.0,2950.9573333333333,2950.956,true
2005,Sarawak,90.62338720849596,0.986522525666331,1.0,2950.9573333333333,2950.956,true
2005,Sarawak,90.47334130616272,0.9860055438224912,1.0,2950.9573333333333,2950.956,true
2005,Sarawak,90.36433083768426,0.985682430170091,1.0,2950.9573333333333,2950.956,true
2005,Sarawak,90.17895245746108,0.9852785381045912,1.0,2950.9573333333333,2950.956,true
2005,Sarawak,89.26603522181146,0.9802460429684612,1.0,2950.9573333333333,2950.956,true
2005,Sarawak,85.7499932348079,0.9511738920937725,1.0,2950.9573333333333,2950.956,true
2006,Sarawak,95.15048412522432,0.9262618294937334,2.0,3101.11,3101.113333333333,true
2006,Sarawak,89.92266678621871,0.9234749742417836,2.0,3101.11,3101.113333333333,true
2006,Sarawak,89.70029997063705,0.9230872378589036,2.0,3101.11,3101.113333333333,true
2006,Sarawak,89.55066603821061,0.9226752679520936,2.0,3101.11,3101.113333333333,true
2006,Sarawak,89.44183328224099,0.9224975554432736,2.0,3101.11,3101.113333333333,true
2006,Sarawak,89.25668108157448,0.9222713758865936,2.0,3101.11,3101.113333333333,true
2006,Sarawak,88.34701113813149,0.9190240836799738,2.0,3101.11,3101.113333333333,true
2006,Sarawak,84.85212501751882,0.8978682172890846,2.0,3101.11,3101.113333333333,true
2007,Sarawak,93.72791164780288,1.422572477421424,6.0,3663.442666666667,3663.448,true
2007,Sarawak,88.50305887655806,1.419607909660654,6.0,3663.442666666667,3663.448,true
2007,Sarawak,88.28111210872451,1.419187861912534,6.0,3663.442666666667,3663.448,true
2007,Sarawak,88.13186591268096,1.4188001255296538,6.0,3663.442666666667,3663.448,true
2007,Sarawak,88.0232431805854,1.418590101655594,6.0,3663.442666666667,3663.448,true
2007,Sarawak,87.83834947084081,1.418331610733674,6.0,3663.442666666667,3663.448,true
2007,Sarawak,86.93244380144827,1.414567336683214,6.0,3663.442666666667,3663.448,true
2007,Sarawak,83.46587051462716,1.3862545028916653,6.0,3663.442666666667,3663.448,true
2008,Sarawak,92.40357379855236,1.3243378492505178,10.0,3976.836666666667,3976.843333333333,true
2008,Sarawak,87.18137055925722,1.3216883173008378,10.0,3976.836666666667,3976.843333333333,true
2008,Sarawak,86.95972267155214,1.3213894371723678,10.0,3976.836666666667,3976.843333333333,true
2008,Sarawak,86.81079151131968,1.321074401361278,10.0,3976.836666666667,3976.843333333333,true
2008,Sarawak,86.70232225820901,1.3209209223763878,10.0,3976.836666666667,3976.843333333333,true
2008,Sarawak,86.51766280586241,1.3206866649783977,10.0,3976.836666666667,3976.843333333333,true
2008,Sarawak,85.61486710537423,1.3175766960740478,10.0,3976.836666666667,3976.843333333333,true
2008,Sarawak,82.17061289409263,1.295257620534519,10.0,3976.836666666667,3976.843333333333,true
2009,Sarawak,89.92034036792144,2.483233430630932,11.0,3586.4,3586.4033333333336,true
2009,Sarawak,84.70233760610749,2.479032953149732,11.0,3586.4,3586.4033333333336,true
2009,Sarawak,84.48120670024625,2.4785159713058924,11.0,3586.4,3586.4033333333336,true
2009,Sarawak,84.33288945595335,2.477902055366332,11.0,3586.4,3586.4033333333336,true
2009,Sarawak,84.2246867716059,2.477635486603102,11.0,3586.4,3586.4033333333336,true
2009,Sarawak,84.04043928916613,2.4772235166962924,11.0,3586.4,3586.4033333333336,true
2009,Sarawak,83.14299919746647,2.4718679079077623,11.0,3586.4,3586.4033333333336,true
2009,Sarawak,79.74337505942262,2.4272378346700143,11.0,3586.4,3586.4033333333336,true
2010,Sarawak,88.8129652584162,1.1073751095052364,1.0,3665.6486666666665,3665.646,true
2010,Sarawak,83.59799976493481,1.1043378411726763,1.0,3665.6486666666665,3665.646,true
2010,Sarawak,83.37715158351942,1.1040551167268264,1.0,3665.6486666666665,3665.646,true
2010,Sarawak,83.22909283014845,1.1037966258049066,1.0,3665.6486666666665,3665.646,true
2010,Sarawak,83.12101939126195,1.1036673803439463,1.0,3665.6486666666665,3665.646,true
2010,Sarawak,82.93699808837886,1.1034412007872665,1.0,3665.6486666666665,3665.646,true
2010,Sarawak,82.04204597180268,1.1009532256637864,1.0,3665.6486666666665,3665.646,true
2010,Sarawak,78.65919951015971,1.0841755492629173,1.0,3665.6486666666665,3665.646,true
0,Sarawak,64.2931060875016,0.0,0.0,3236.436666666667,3236.4433333333336,true
2001,Terengganu,99.20683996756912,0.7931600324308807,5.0,2771.2085714285718,2771.202857142857,true
2001,Terengganu,86.35171988408675,0.789435912157313,5.0,2771.2085714285718,2771.202857142857,true
2001,Terengganu,85.90319614863895,0.7887376396060192,5.0,2771.2085714285718,2771.202857142857,true
2001,Terengganu,85.6170595742865,0.7878066095376273,5.0,2771.2085714285718,2771.202857142857,true
2001,Terengganu,85.41843982636289,0.7873410945034311,5.0,2771.2085714285718,2771.202857142857,true
2001,Terengganu,85.04082954779093,0.7866428219521373,5.0,2771.2085714285718,2771.202857142857,true
2001,Terengganu,83.38491498531688,0.7798152681172632,5.0,2771.2085714285718,2771.202857142857,true
2001,Terengganu,77.39715027213234,0.7404792477277047,5.0,2771.2085714285718,2771.202857142857,true
2002,Terengganu,98.422602306627,0.7842376609421248,1.0,2325.04,2325.0457142857144,true
2002,Terengganu,85.56918911160335,0.7825307724834063,1.0,2325.04,2325.0457142857144,true
2002,Terengganu,85.1210533053507,0.7821428432882429,1.0,2325.04,2325.0457142857144,true
2002,Terengganu,84.83545983187149,0.7815997424150144,1.0,2325.04,2325.0457142857144,true
2002,Terengganu,84.63707284146497,0.7813669848979163,1.0,2325.04,2325.0457142857144,true
2002,Terengganu,84.25985049208819,0.7809790557027532,1.0,2325.04,2325.0457142857144,true
2002,Terengganu,82.60851349411705,0.7764014911998263,1.0,2325.04,2325.0457142857144,true
2002,Terengganu,76.65442103507269,0.7427292370596519,1.0,2325.04,2325.0457142857144,true
2003,Terengganu,98.08068151401004,0.3419207926169316,7.0,2925.5157142857142,2925.52,true
2003,Terengganu,85.22819934905482,0.3409897625485396,7.0,2925.5157142857142,2925.52,true
2003,Terengganu,84.78021871448024,0.3408345908704743,7.0,2925.5157142857142,2925.52,true
2003,Terengganu,84.49485799851811,0.3406018333533763,7.0,2925.5157142857142,2925.52,true
2003,Terengganu,84.29662617978967,0.340446661675311,7.0,2925.5157142857142,2925.52,true
2003,Terengganu,83.91955900209093,0.3402914899972457,7.0,2925.5157142857142,2925.52,true
2003,Terengganu,82.2698513067395,0.3386621873775599,7.0,2925.5157142857142,2925.52,true
2003,Terengganu,76.32716396603291,0.3272570690397589,7.0,2925.5157142857142,2925.52,true
2004,Terengganu,96.85389422722564,1.226787286784416,0.0,2669.82,2669.8228571428576,true
2004,Terengganu,84.00366205160235,1.2245372974524689,0.0,2669.82,2669.8228571428576,true
2004,Terengganu,83.55637968957906,1.223839024901175,0.0,2669.82,2669.8228571428576,true
2004,Terengganu,83.27179483200726,1.2230631665108485,0.0,2669.82,2669.8228571428576,true
2004,Terengganu,83.07379577079591,1.2228304089937505,0.0,2669.82,2669.8228571428576,true
2004,Terengganu,82.69711652229235,1.2224424797985871,0.0,2669.82,2669.8228571428576,true
2004,Terengganu,81.05346052238545,1.2163907843540398,0.0,2669.82,2669.8228571428576,true
2004,Terengganu,75.15460918073234,1.172554785300587,0.0,2669.82,2669.8228571428576,true
2005,Terengganu,96.07144104058128,0.7824531866443737,0.0,2657.6471428571426,2657.648571428572,true
2005,Terengganu,83.22307092509476,0.7805911265075899,0.0,2657.6471428571426,2657.648571428572,true
2005,Terengganu,82.77625407810567,0.7801256114733939,0.0,2657.6471428571426,2657.648571428572,true
2005,Terengganu,82.4922123214071,0.7795825106001653,0.0,2657.6471428571426,2657.648571428572,true
2005,Terengganu,82.2943684318738,0.7794273389220999,0.0,2657.6471428571426,2657.648571428572,true
2005,Terengganu,81.91807711256541,0.7790394097269366,0.0,2657.6471428571426,2657.648571428572,true
2005,Terengganu,80.27899867716144,0.7744618452240097,0.0,2657.6471428571426,2657.648571428572,true
2005,Terengganu,74.4176212957611,0.736987884971235,0.0,2657.6471428571426,2657.648571428572,true
2006,Terengganu,95.2474018442154,0.8240391963658793,0.0,2668.4042857142854,2668.4114285714286,true
2006,Terengganu,82.40035068799243,0.8227202371023241,0.0,2668.4042857142854,2668.4114285714286,true
2006,Terengganu,81.95399935603753,0.8222547220681281,0.0,2668.4042857142854,2668.4114285714286,true
2006,Terengganu,81.67026794269509,0.8219443787119975,0.0,2668.4042857142854,2668.4114285714286,true
2006,Terengganu,81.47257922483988,0.8217892070339322,0.0,2668.4042857142854,2668.4114285714286,true
2006,Terengganu,81.09652066304858,0.8215564495168342,0.0,2668.4042857142854,2668.4114285714286,true
2006,Terengganu,79.46077841872301,0.8182202584384297,0.0,2668.4042857142854,2668.4114285714286,true
2006,Terengganu,73.63043537293574,0.7871859228253659,0.0,2668.4042857142854,2668.4114285714286,true
2007,Terengganu,94.51460359455191,0.7327982496634714,0.0,2647.16,2647.158571428572,true
2007,Terengganu,81.66910415510961,0.7312465328828183,0.0,2647.16,2647.158571428572,true
2007,Terengganu,81.22306316651084,0.7309361895266876,0.0,2647.16,2647.158571428572,true
2007,Terengganu,80.93971968236357,0.7305482603315243,0.0,2647.16,2647.158571428572,true
2007,Terengganu,80.74218613618642,0.730393088653459,0.0,2647.16,2647.158571428572,true
2007,Terengganu,80.36636033191222,0.7301603311363609,0.0,2647.16,2647.158571428572,true
2007,Terengganu,78.73395427866505,0.7268241400579566,0.0,2647.16,2647.158571428572,true
2007,Terengganu,72.93557659855922,0.6948587743765008,0.0,2647.16,2647.158571428572,true
2008,Terengganu,93.63695258341448,0.8776510111374471,3.0,3319.7214285714285,3319.7214285714285,true
2008,Terengganu,80.79339278994799,0.8757113651616306,3.0,3319.7214285714285,3319.7214285714285,true
2008,Terengganu,80.34781731638341,0.8752458501274348,3.0,3319.7214285714285,3319.7214285714285,true
2008,Terengganu,80.0648617614313,0.8748579209322714,3.0,3319.7214285714285,3319.7214285714285,true
2008,Terengganu,79.86756097277124,0.8746251634151735,3.0,3319.7214285714285,3319.7214285714285,true
2008,Terengganu,79.49204551185318,0.8743148200590429,3.0,3319.7214285714285,3319.7214285714285,true
2008,Terengganu,77.86452736646507,0.8694269121999852,3.0,3319.7214285714285,3319.7214285714285,true
2008,Terengganu,72.10439950500235,0.8311770935568841,3.0,3319.7214285714285,3319.7214285714285,true
2009,Terengganu,92.43631172438408,1.2006408590304096,5.0,3263.741428571429,3263.7514285714283,true
2009,Terengganu,79.59407089018113,1.1993218997668544,5.0,3263.741428571429,3263.7514285714283,true
2009,Terengganu,79.14888334581173,1.1989339705716913,5.0,3263.741428571429,3263.7514285714283,true
2009,Terengganu,78.86616054837671,1.198701213054593,5.0,3263.741428571429,3263.7514285714283,true
2009,Terengganu,78.66893734555569,1.1986236272155606,5.0,3263.741428571429,3263.7514285714283,true
2009,Terengganu,78.2936546421547,1.1983908696984626,5.0,3263.741428571429,3263.7514285714283,true
2009,Terengganu,76.66993820287921,1.1945891635858623,5.0,3263.741428571429,3263.7514285714283,true
2009,Terengganu,70.94402569642989,1.1603738085724593,5.0,3263.741428571429,3263.7514285714283,true
2010,Terengganu,91.11099042202817,1.3253213023558938,4.0,2601.4571428571426,2601.457142857143,true
2010,Terengganu,78.27014613292782,1.3239247572533062,4.0,2601.4571428571426,2601.457142857143,true
2010,Terengganu,77.82519134607551,1.3236919997362082,4.0,2601.4571428571426,2601.457142857143,true
2010,Terengganu,77.5427013061576,1.32345924221911,4.0,2601.4571428571426,2601.457142857143,true
2010,Terengganu,77.34563327501465,1.3233040705410448,4.0,2601.4571428571426,2601.457142857143,true
2010,Terengganu,76.97050574329174,1.3231488988629796,4.0,2601.4571428571426,2601.457142857143,true
2010,Terengganu,75.35043583845076,1.3195023644284445,4.0,2601.4571428571426,2601.457142857143,true
2010,Terengganu,69.65493698090225,1.2890887155276418,4.0,2601.4571428571426,2601.457142857143,true
0,Terengganu,56.92736801678957,0.0,0.0,3103.5214285714287,3103.5157142857142,true
